{"BGE_retriever": {"final_result": {"NDCG@1": 0.005, "NDCG@3": 0.18249, "NDCG@5": 0.24218, "NDCG@10": 0.30393, "NDCG@100": 0.36585, "NDCG@1000": 0.37443, "MAP@1": 0.005, "MAP@3": 0.13812, "MAP@5": 0.17123, "MAP@10": 0.19679, "MAP@100": 0.21068, "MAP@1000": 0.21099, "Recall@1": 0.005, "Recall@3": 0.30978, "Recall@5": 0.45396, "Recall@10": 0.64525, "Recall@100": 0.9222, "Recall@1000": 0.99143, "P@1": 0.005, "P@3": 0.10374, "P@5": 0.09122, "P@10": 0.06467, "P@100": 0.00924, "P@1000": 0.00099, "MRR@1": 0.005, "MRR@3": 0.13764, "MRR@5": 0.17062, "MRR@10": 0.19626, "MRR@100": 0.21009, "MRR@1000": 0.21042}}}