{"ContrieverRetriever": {"final_result": {"NDCG@1": 0.44582, "NDCG@3": 0.39806, "NDCG@5": 0.37498, "NDCG@10": 0.33424, "NDCG@100": 0.29436, "NDCG@1000": 0.39032, "MAP@1": 0.05185, "MAP@3": 0.08892, "MAP@5": 0.10495, "MAP@10": 0.12151, "MAP@100": 0.15329, "MAP@1000": 0.16803, "Recall@1": 0.0518, "Recall@3": 0.10047, "Recall@5": 0.12929, "Recall@10": 0.15883, "Recall@100": 0.29933, "Recall@1000": 0.62958, "P@1": 0.44582, "P@3": 0.36636, "P@5": 0.32012, "P@10": 0.24768, "P@100": 0.07901, "P@1000": 0.02097, "MRR@1": 0.44582, "MRR@3": 0.51754, "MRR@5": 0.52884, "MRR@10": 0.53697, "MRR@100": 0.54163, "MRR@1000": 0.54202}}}